ID;skenario;alt;Choice;Caratanam;Label;price
1;1;1;1;hydroponic;organic;400
1;1;2;0;hydroponic;organic;100
1;2;1;0;hydroponic;nonorganic;400
1;2;2;1;traditional;organic;100
1;3;1;1;hydroponic;nonorganic;100
1;3;2;0;traditional;nonorganic;400
1;4;1;1;hydroponic;organic;300
1;4;2;0;traditional;organic;200
1;5;1;1;traditional;organic;300
1;5;2;0;traditional;organic;200
1;6;1;1;traditional;nonorganic;300
1;6;2;0;hydroponic;organic;200
1;7;1;0;traditional;nonorganic;200
1;7;2;1;traditional;nonorganic;300
1;8;1;0;traditional;organic;100
1;8;2;1;traditional;nonorganic;400
2;1;1;0;traditional;organic;200
2;1;2;1;hydroponic;nonorganic;300
2;2;1;1;hydroponic;organic;400
2;2;2;0;hydroponic;nonorganic;100
2;3;1;0;traditional;organic;100
2;3;2;1;traditional;nonorganic;400
2;4;1;1;traditional;nonorganic;400
2;4;2;0;traditional;organic;100
2;5;1;1;traditional;nonorganic;300
2;5;2;0;traditional;nonorganic;200
2;6;1;1;traditional;nonorganic;300
2;6;2;0;traditional;organic;200
2;7;1;0;hydroponic;nonorganic;200
2;7;2;1;traditional;organic;300
2;8;1;0;traditional;organic;100
2;8;2;1;hydroponic;nonorganic;400
3;1;1;0;hydroponic;organic;200
3;1;2;1;hydroponic;organic;300
3;2;1;0;hydroponic;organic;400
3;2;2;1;traditional;nonorganic;100
3;3;1;0;traditional;organic;100
3;3;2;1;hydroponic;organic;400
3;4;1;1;hydroponic;organic;400
3;4;2;0;hydroponic;organic;100
3;5;1;0;traditional;organic;300
3;5;2;1;hydroponic;nonorganic;200
3;6;1;0;hydroponic;nonorganic;300
3;6;2;1;hydroponic;nonorganic;200
3;7;1;0;traditional;organic;200
3;7;2;1;hydroponic;organic;300
3;8;1;1;traditional;organic;100
3;8;2;0;hydroponic;organic;400
4;1;1;1;hydroponic;nonorganic;200
4;1;2;0;hydroponic;organic;300
4;2;1;1;traditional;nonorganic;400
4;2;2;0;hydroponic;nonorganic;100
4;3;1;0;hydroponic;nonorganic;100
4;3;2;1;hydroponic;organic;400
4;4;1;1;hydroponic;organic;400
4;4;2;0;hydroponic;nonorganic;100
4;5;1;1;hydroponic;nonorganic;300
4;5;2;0;hydroponic;organic;200
4;6;1;1;hydroponic;nonorganic;300
4;6;2;0;traditional;nonorganic;200
4;7;1;1;traditional;nonorganic;200
4;7;2;0;hydroponic;nonorganic;300
4;8;1;0;hydroponic;nonorganic;100
4;8;2;1;traditional;nonorganic;400
5;1;1;0;traditional;organic;200
5;1;2;1;hydroponic;organic;300
5;2;1;0;traditional;nonorganic;400
5;2;2;1;hydroponic;organic;100
5;3;1;1;hydroponic;nonorganic;100
5;3;2;0;traditional;nonorganic;400
5;4;1;0;traditional;nonorganic;400
5;4;2;1;hydroponic;nonorganic;100
5;5;1;0;traditional;nonorganic;300
5;5;2;1;traditional;organic;200
5;6;1;0;traditional;nonorganic;300
5;6;2;1;traditional;organic;200
5;7;1;0;traditional;organic;200
5;7;2;1;traditional;nonorganic;300
5;8;1;0;traditional;nonorganic;100
5;8;2;1;hydroponic;organic;400
6;1;1;1;traditional;nonorganic;200
6;1;2;0;traditional;organic;300
6;2;1;1;hydroponic;nonorganic;400
6;2;2;0;hydroponic;organic;100
6;3;1;0;hydroponic;nonorganic;100
6;3;2;1;traditional;nonorganic;400
6;4;1;1;traditional;organic;400
6;4;2;0;hydroponic;nonorganic;100
6;5;1;0;traditional;organic;300
6;5;2;1;hydroponic;organic;200
6;6;1;0;hydroponic;organic;300
6;6;2;1;hydroponic;nonorganic;200
6;7;1;1;traditional;organic;200
6;7;2;0;traditional;organic;300
6;8;1;0;traditional;organic;100
6;8;2;1;traditional;organic;400
7;1;1;1;traditional;nonorganic;200
7;1;2;0;traditional;nonorganic;300
7;2;1;0;traditional;organic;400
7;2;2;1;traditional;organic;100
7;3;1;1;hydroponic;organic;100
7;3;2;0;hydroponic;organic;400
7;4;1;0;hydroponic;nonorganic;400
7;4;2;1;hydroponic;organic;100
7;5;1;1;traditional;nonorganic;300
7;5;2;0;hydroponic;organic;200
7;6;1;1;traditional;nonorganic;300
7;6;2;0;hydroponic;organic;200
7;7;1;1;hydroponic;nonorganic;200
7;7;2;0;hydroponic;nonorganic;300
7;8;1;1;hydroponic;nonorganic;100
7;8;2;0;traditional;nonorganic;400
8;1;1;0;hydroponic;nonorganic;200
8;1;2;1;hydroponic;organic;300
8;2;1;1;traditional;nonorganic;400
8;2;2;0;hydroponic;organic;100
8;3;1;0;hydroponic;organic;100
8;3;2;1;hydroponic;nonorganic;400
8;4;1;0;traditional;nonorganic;400
8;4;2;1;hydroponic;organic;100
8;5;1;1;hydroponic;organic;300
8;5;2;0;traditional;nonorganic;200
8;6;1;1;hydroponic;nonorganic;300
8;6;2;0;hydroponic;organic;200
8;7;1;0;hydroponic;organic;200
8;7;2;1;traditional;nonorganic;300
8;8;1;0;hydroponic;organic;100
8;8;2;1;traditional;nonorganic;400
9;1;1;1;traditional;organic;200
9;1;2;0;traditional;nonorganic;300
9;2;1;0;hydroponic;organic;400
9;2;2;1;traditional;nonorganic;100
9;3;1;0;traditional;nonorganic;100
9;3;2;1;hydroponic;organic;400
9;4;1;1;traditional;organic;400
9;4;2;0;traditional;nonorganic;100
9;5;1;0;hydroponic;nonorganic;300
9;5;2;1;traditional;nonorganic;200
9;6;1;0;hydroponic;organic;300
9;6;2;1;traditional;nonorganic;200
9;7;1;0;traditional;organic;200
9;7;2;1;hydroponic;nonorganic;300
9;8;1;0;traditional;nonorganic;100
9;8;2;1;hydroponic;nonorganic;400
10;1;1;0;hydroponic;nonorganic;200
10;1;2;1;hydroponic;organic;300
10;2;1;0;traditional;nonorganic;400
10;2;2;1;traditional;organic;100
10;3;1;0;hydroponic;nonorganic;100
10;3;2;0;traditional;nonorganic;400
10;4;1;0;hydroponic;nonorganic;400
10;4;2;1;hydroponic;nonorganic;100
10;5;1;0;traditional;nonorganic;300
10;5;2;1;traditional;organic;200
10;6;1;0;traditional;organic;300
10;6;2;1;hydroponic;organic;200
10;7;1;1;hydroponic;nonorganic;200
10;7;2;0;hydroponic;organic;300
10;8;1;1;traditional;nonorganic;100
10;8;2;0;traditional;organic;400
11;1;1;0;traditional;organic;200
11;1;2;1;traditional;nonorganic;300
11;2;1;1;traditional;nonorganic;400
11;2;2;0;hydroponic;organic;100
11;3;1;0;traditional;organic;100
11;3;2;1;hydroponic;nonorganic;400
11;4;1;0;hydroponic;nonorganic;400
11;4;2;1;traditional;organic;100
11;5;1;1;hydroponic;organic;300
11;5;2;0;hydroponic;organic;200
11;6;1;0;hydroponic;nonorganic;300
11;6;2;1;traditional;organic;200
11;7;1;1;traditional;nonorganic;200
11;7;2;0;traditional;nonorganic;300
11;8;1;0;hydroponic;nonorganic;100
11;8;2;1;hydroponic;organic;400
12;1;1;1;traditional;nonorganic;200
12;1;2;0;hydroponic;organic;300
12;2;1;0;hydroponic;nonorganic;400
12;2;2;1;traditional;nonorganic;100
12;3;1;1;traditional;nonorganic;100
12;3;2;0;traditional;organic;400
12;4;1;1;hydroponic;organic;400
12;4;2;0;traditional;organic;100
12;5;1;0;hydroponic;organic;300
12;5;2;1;hydroponic;organic;200
12;6;1;1;hydroponic;nonorganic;300
12;6;2;0;hydroponic;nonorganic;200
12;7;1;0;traditional;organic;200
12;7;2;1;traditional;nonorganic;300
12;8;1;0;traditional;nonorganic;100
12;8;2;1;hydroponic;organic;400
13;1;1;0;hydroponic;nonorganic;200
13;1;2;1;traditional;nonorganic;300
13;2;1;1;hydroponic;organic;400
13;2;2;0;traditional;nonorganic;100
13;3;1;0;hydroponic;nonorganic;100
13;3;2;1;hydroponic;nonorganic;400
13;4;1;1;hydroponic;organic;400
13;4;2;0;traditional;organic;100
13;5;1;1;traditional;nonorganic;300
13;5;2;1;hydroponic;nonorganic;200
13;6;1;1;traditional;organic;300
13;6;2;0;hydroponic;nonorganic;200
13;7;1;1;hydroponic;organic;200
13;7;2;0;hydroponic;organic;300
13;8;1;0;traditional;organic;100
13;8;2;1;traditional;organic;400
14;1;1;0;traditional;nonorganic;200
14;1;2;1;hydroponic;organic;300
14;2;1;0;hydroponic;nonorganic;400
14;2;2;1;hydroponic;nonorganic;100
14;3;1;1;hydroponic;nonorganic;100
14;3;2;0;hydroponic;nonorganic;400
14;4;1;1;traditional;organic;400
14;4;2;0;traditional;nonorganic;100
14;5;1;1;hydroponic;organic;300
14;5;2;0;traditional;nonorganic;200
14;6;1;1;hydroponic;organic;300
14;6;2;0;hydroponic;organic;200
14;7;1;0;hydroponic;organic;200
14;7;2;1;hydroponic;nonorganic;300
14;8;1;1;hydroponic;nonorganic;100
14;8;2;0;traditional;nonorganic;400
15;1;1;1;hydroponic;organic;200
15;1;2;0;traditional;organic;300
15;2;1;0;traditional;nonorganic;400
15;2;2;1;hydroponic;nonorganic;100
15;3;1;0;hydroponic;organic;100
15;3;2;1;hydroponic;nonorganic;400
15;4;1;0;traditional;organic;400
15;4;2;1;hydroponic;organic;100
15;5;1;0;traditional;organic;300
15;5;2;1;traditional;organic;200
15;6;1;0;traditional;nonorganic;300
15;6;2;1;hydroponic;organic;200
15;7;1;1;hydroponic;nonorganic;200
15;7;2;0;hydroponic;organic;300
15;8;1;0;traditional;nonorganic;100
15;8;2;1;traditional;nonorganic;400
16;1;1;0;traditional;nonorganic;200
16;1;2;1;hydroponic;organic;300
16;2;1;0;hydroponic;nonorganic;400
16;2;2;1;hydroponic;nonorganic;100
16;3;1;0;hydroponic;organic;100
16;3;2;1;traditional;organic;400
16;4;1;1;hydroponic;nonorganic;400
16;4;2;0;hydroponic;nonorganic;100
16;5;1;0;traditional;nonorganic;300
16;5;2;1;hydroponic;nonorganic;200
16;6;1;1;traditional;organic;300
16;6;2;0;hydroponic;organic;200
16;7;1;0;traditional;nonorganic;200
16;7;2;1;hydroponic;nonorganic;300
16;8;1;0;hydroponic;organic;100
16;8;2;1;hydroponic;nonorganic;400
17;1;1;1;hydroponic;organic;200
17;1;2;0;traditional;organic;300
17;2;1;1;traditional;organic;400
17;2;2;0;traditional;organic;100
17;3;1;0;traditional;organic;100
17;3;2;1;traditional;nonorganic;400
17;4;1;0;traditional;nonorganic;400
17;4;2;1;traditional;nonorganic;100
17;5;1;0;traditional;organic;300
17;5;2;1;hydroponic;organic;200
17;6;1;1;traditional;organic;300
17;6;2;0;traditional;nonorganic;200
17;7;1;1;traditional;nonorganic;200
17;7;2;0;traditional;nonorganic;300
17;8;1;0;hydroponic;nonorganic;100
17;8;2;1;hydroponic;organic;400
18;1;1;0;hydroponic;nonorganic;200
18;1;2;1;hydroponic;organic;300
18;2;1;1;hydroponic;organic;400
18;2;2;0;traditional;nonorganic;100
18;3;1;0;traditional;nonorganic;100
18;3;2;1;hydroponic;organic;400
18;4;1;0;hydroponic;organic;400
18;4;2;1;hydroponic;organic;100
18;5;1;0;traditional;organic;300
18;5;2;1;hydroponic;organic;200
18;6;1;0;traditional;nonorganic;300
18;6;2;1;hydroponic;organic;200
18;7;1;1;traditional;nonorganic;200
18;7;2;0;hydroponic;nonorganic;300
18;8;1;1;hydroponic;organic;100
18;8;2;0;traditional;organic;400
19;1;1;0;hydroponic;organic;200
19;1;2;1;hydroponic;nonorganic;300
19;2;1;1;hydroponic;nonorganic;400
19;2;2;0;traditional;organic;100
19;3;1;0;traditional;organic;100
19;3;2;1;hydroponic;organic;400
19;4;1;0;hydroponic;organic;400
19;4;2;1;hydroponic;organic;100
19;5;1;1;traditional;organic;300
19;5;2;0;traditional;organic;200
19;6;1;0;traditional;nonorganic;300
19;6;2;1;hydroponic;nonorganic;200
19;7;1;1;hydroponic;nonorganic;200
19;7;2;0;traditional;nonorganic;300
19;8;1;0;hydroponic;organic;100
19;8;2;1;traditional;organic;400
20;1;1;1;hydroponic;organic;200
20;1;2;0;hydroponic;nonorganic;300
20;2;1;0;hydroponic;nonorganic;400
20;2;2;1;hydroponic;nonorganic;100
20;3;1;0;traditional;organic;100
20;3;2;1;traditional;nonorganic;400
20;4;1;1;hydroponic;nonorganic;400
20;4;2;0;traditional;organic;100
20;5;1;0;hydroponic;organic;300
20;5;2;1;hydroponic;nonorganic;200
20;6;1;0;traditional;organic;300
20;6;2;1;traditional;organic;200
20;7;1;0;traditional;organic;200
20;7;2;1;traditional;organic;300
20;8;1;0;hydroponic;nonorganic;100
20;8;2;1;hydroponic;organic;400
21;1;1;1;traditional;organic;200
21;1;2;0;hydroponic;organic;300
21;2;1;0;hydroponic;nonorganic;400
21;2;2;1;traditional;organic;100
21;3;1;1;hydroponic;nonorganic;100
21;3;2;0;traditional;nonorganic;400
21;4;1;0;hydroponic;organic;400
21;4;2;1;hydroponic;organic;100
21;5;1;1;traditional;organic;300
21;5;2;0;traditional;organic;200
21;6;1;0;traditional;nonorganic;300
21;6;2;1;hydroponic;organic;200
21;7;1;0;traditional;nonorganic;200
21;7;2;1;traditional;nonorganic;300
21;8;1;1;traditional;organic;100
21;8;2;0;traditional;nonorganic;400
22;1;1;0;traditional;organic;200
22;1;2;1;hydroponic;nonorganic;300
22;2;1;0;hydroponic;organic;400
22;2;2;1;hydroponic;nonorganic;100
22;3;1;0;traditional;organic;100
22;3;2;1;traditional;nonorganic;400
22;4;1;0;traditional;nonorganic;400
22;4;2;1;traditional;organic;100
22;5;1;0;traditional;nonorganic;300
22;5;2;1;traditional;nonorganic;200
22;6;1;0;traditional;nonorganic;300
22;6;2;1;traditional;organic;200
22;7;1;0;hydroponic;nonorganic;200
22;7;2;1;traditional;organic;300
22;8;1;0;traditional;organic;100
22;8;2;1;hydroponic;nonorganic;400
23;1;1;1;hydroponic;organic;200
23;1;2;0;hydroponic;organic;300
23;2;1;0;hydroponic;organic;400
23;2;2;1;traditional;nonorganic;100
23;3;1;1;traditional;organic;100
23;3;2;0;hydroponic;organic;400
23;4;1;0;hydroponic;organic;400
23;4;2;1;hydroponic;organic;100
23;5;1;0;traditional;organic;300
23;5;2;1;hydroponic;nonorganic;200
23;6;1;1;hydroponic;nonorganic;300
23;6;2;0;hydroponic;nonorganic;200
23;7;1;0;traditional;organic;200
23;7;2;1;hydroponic;organic;300
23;8;1;0;traditional;organic;100
23;8;2;1;hydroponic;organic;400
24;1;1;1;hydroponic;nonorganic;200
24;1;2;0;hydroponic;organic;300
24;2;1;0;traditional;nonorganic;400
24;2;2;1;hydroponic;nonorganic;100
24;3;1;1;hydroponic;nonorganic;100
24;3;2;0;hydroponic;organic;400
24;4;1;1;hydroponic;organic;400
24;4;2;0;hydroponic;nonorganic;100
24;5;1;1;hydroponic;nonorganic;300
24;5;2;0;hydroponic;organic;200
24;6;1;1;hydroponic;nonorganic;300
24;6;2;0;traditional;nonorganic;200
24;7;1;1;traditional;nonorganic;200
24;7;2;0;hydroponic;nonorganic;300
24;8;1;0;hydroponic;nonorganic;100
24;8;2;1;traditional;nonorganic;400
25;1;1;1;traditional;organic;200
25;1;2;0;hydroponic;organic;300
25;2;1;0;traditional;nonorganic;400
25;2;2;1;hydroponic;organic;100
25;3;1;1;hydroponic;nonorganic;100
25;3;2;0;traditional;nonorganic;400
25;4;1;0;traditional;nonorganic;400
25;4;2;1;hydroponic;nonorganic;100
25;5;1;1;traditional;nonorganic;300
25;5;2;0;traditional;organic;200
25;6;1;1;traditional;nonorganic;300
25;6;2;0;traditional;organic;200
25;7;1;1;traditional;organic;200
25;7;2;0;traditional;nonorganic;300
25;8;1;1;traditional;nonorganic;100
25;8;2;0;hydroponic;organic;400
26;1;1;1;traditional;nonorganic;200
26;1;2;0;traditional;organic;300
26;2;1;0;hydroponic;nonorganic;400
26;2;2;1;hydroponic;organic;100
26;3;1;1;hydroponic;nonorganic;100
26;3;2;0;traditional;nonorganic;400
26;4;1;1;traditional;organic;400
26;4;2;0;hydroponic;nonorganic;100
26;5;1;1;traditional;organic;300
26;5;2;0;hydroponic;organic;200
26;6;1;1;hydroponic;organic;300
26;6;2;0;hydroponic;nonorganic;200
26;7;1;0;traditional;organic;200
26;7;2;1;traditional;organic;300
26;8;1;0;traditional;organic;100
26;8;2;1;traditional;organic;400
27;1;1;1;traditional;nonorganic;200
27;1;2;0;traditional;nonorganic;300
27;2;1;0;traditional;organic;400
27;2;2;1;traditional;organic;100
27;3;1;1;hydroponic;organic;100
27;3;2;0;hydroponic;organic;400
27;4;1;1;hydroponic;nonorganic;400
27;4;2;0;hydroponic;organic;100
27;5;1;1;traditional;nonorganic;300
27;5;2;0;hydroponic;organic;200
27;6;1;1;traditional;nonorganic;300
27;6;2;0;hydroponic;organic;200
27;7;1;0;hydroponic;nonorganic;200
27;7;2;1;hydroponic;nonorganic;300
27;8;1;0;hydroponic;nonorganic;100
27;8;2;1;traditional;nonorganic;400
28;1;1;1;hydroponic;nonorganic;200
28;1;2;0;hydroponic;organic;300
28;2;1;0;traditional;nonorganic;400
28;2;2;1;hydroponic;organic;100
28;3;1;1;hydroponic;organic;100
28;3;2;0;hydroponic;nonorganic;400
28;4;1;0;traditional;nonorganic;400
28;4;2;1;hydroponic;organic;100
28;5;1;0;hydroponic;organic;300
28;5;2;1;traditional;nonorganic;200
28;6;1;1;hydroponic;nonorganic;300
28;6;2;0;hydroponic;organic;200
28;7;1;0;hydroponic;organic;200
28;7;2;1;traditional;nonorganic;300
28;8;1;1;hydroponic;organic;100
28;8;2;0;traditional;nonorganic;400
29;1;1;1;traditional;organic;200
29;1;2;0;traditional;nonorganic;300
29;2;1;0;hydroponic;organic;400
29;2;2;1;traditional;nonorganic;100
29;3;1;1;traditional;nonorganic;100
29;3;2;0;hydroponic;organic;400
29;4;1;0;traditional;organic;400
29;4;2;1;traditional;nonorganic;100
29;5;1;1;hydroponic;nonorganic;300
29;5;2;0;traditional;nonorganic;200
29;6;1;1;hydroponic;organic;300
29;6;2;0;traditional;nonorganic;200
29;7;1;1;traditional;organic;200
29;7;2;0;hydroponic;nonorganic;300
29;8;1;1;traditional;nonorganic;100
29;8;2;0;hydroponic;nonorganic;400
30;1;1;1;hydroponic;nonorganic;200
30;1;2;0;hydroponic;organic;300
30;2;1;0;traditional;nonorganic;400
30;2;2;1;traditional;organic;100
30;3;1;1;hydroponic;nonorganic;100
30;3;2;0;traditional;nonorganic;400
30;4;1;1;hydroponic;nonorganic;400
30;4;2;0;hydroponic;nonorganic;100
30;5;1;1;traditional;nonorganic;300
30;5;2;0;traditional;organic;200
30;6;1;1;traditional;organic;300
30;6;2;0;hydroponic;organic;200
30;7;1;0;hydroponic;nonorganic;200
30;7;2;1;hydroponic;organic;300
30;8;1;1;traditional;nonorganic;100
30;8;2;0;traditional;organic;400
31;1;1;1;traditional;organic;200
31;1;2;0;traditional;nonorganic;300
31;2;1;0;traditional;nonorganic;400
31;2;2;1;hydroponic;organic;100
31;3;1;1;traditional;organic;100
31;3;2;0;hydroponic;nonorganic;400
31;4;1;1;hydroponic;nonorganic;400
31;4;2;0;traditional;organic;100
31;5;1;1;hydroponic;organic;300
31;5;2;0;hydroponic;organic;200
31;6;1;1;hydroponic;nonorganic;300
31;6;2;0;traditional;organic;200
31;7;1;0;traditional;nonorganic;200
31;7;2;1;traditional;nonorganic;300
31;8;1;1;hydroponic;nonorganic;100
31;8;2;0;hydroponic;organic;400
32;1;1;1;traditional;nonorganic;200
32;1;2;0;hydroponic;organic;300
32;2;1;1;hydroponic;nonorganic;400
32;2;2;0;traditional;nonorganic;100
32;3;1;1;traditional;nonorganic;100
32;3;2;0;traditional;organic;400
32;4;1;0;hydroponic;organic;400
32;4;2;1;traditional;organic;100
32;5;1;0;hydroponic;organic;300
32;5;2;1;hydroponic;organic;200
32;6;1;1;hydroponic;nonorganic;300
32;6;2;0;hydroponic;nonorganic;200
32;7;1;1;traditional;organic;200
32;7;2;0;traditional;nonorganic;300
32;8;1;1;traditional;nonorganic;100
32;8;2;0;hydroponic;organic;400
33;1;1;1;hydroponic;nonorganic;200
33;1;2;0;traditional;nonorganic;300
33;2;1;0;hydroponic;organic;400
33;2;2;1;traditional;nonorganic;100
33;3;1;1;hydroponic;nonorganic;100
33;3;2;0;hydroponic;nonorganic;400
33;4;1;1;hydroponic;organic;400
33;4;2;0;traditional;organic;100
33;5;1;1;traditional;nonorganic;300
33;5;2;0;hydroponic;nonorganic;200
33;6;1;1;traditional;organic;300
33;6;2;0;hydroponic;nonorganic;200
33;7;1;0;hydroponic;organic;200
33;7;2;1;hydroponic;organic;300
33;8;1;1;traditional;organic;100
33;8;2;0;traditional;organic;400
34;1;1;1;traditional;nonorganic;200
34;1;2;0;hydroponic;organic;300
34;2;1;0;hydroponic;nonorganic;400
34;2;2;1;hydroponic;nonorganic;100
34;3;1;1;hydroponic;nonorganic;100
34;3;2;0;hydroponic;nonorganic;400
34;4;1;1;traditional;organic;400
34;4;2;0;traditional;nonorganic;100
34;5;1;1;hydroponic;organic;300
34;5;2;0;traditional;nonorganic;200
34;6;1;1;hydroponic;organic;300
34;6;2;0;hydroponic;organic;200
34;7;1;0;hydroponic;organic;200
34;7;2;1;hydroponic;nonorganic;300
34;8;1;1;hydroponic;nonorganic;100
34;8;2;0;traditional;nonorganic;400
35;1;1;1;hydroponic;organic;200
35;1;2;0;traditional;organic;300
35;2;1;0;traditional;nonorganic;400
35;2;2;1;hydroponic;nonorganic;100
35;3;1;1;hydroponic;organic;100
35;3;2;0;hydroponic;nonorganic;400
35;4;1;1;traditional;organic;400
35;4;2;0;hydroponic;organic;100
35;5;1;1;traditional;organic;300
35;5;2;0;traditional;organic;200
35;6;1;1;traditional;nonorganic;300
35;6;2;0;hydroponic;organic;200
35;7;1;0;hydroponic;nonorganic;200
35;7;2;1;hydroponic;organic;300
35;8;1;0;traditional;nonorganic;100
35;8;2;1;traditional;nonorganic;400
36;1;1;1;traditional;nonorganic;200
36;1;2;0;hydroponic;organic;300
36;2;1;0;hydroponic;nonorganic;400
36;2;2;1;hydroponic;nonorganic;100
36;3;1;1;hydroponic;organic;100
36;3;2;0;traditional;organic;400
36;4;1;0;hydroponic;nonorganic;400
36;4;2;1;hydroponic;nonorganic;100
36;5;1;0;traditional;nonorganic;300
36;5;2;1;hydroponic;nonorganic;200
36;6;1;1;traditional;organic;300
36;6;2;0;hydroponic;organic;200
36;7;1;0;traditional;nonorganic;200
36;7;2;1;hydroponic;nonorganic;300
36;8;1;0;hydroponic;organic;100
36;8;2;1;hydroponic;nonorganic;400
37;1;1;1;hydroponic;organic;200
37;1;2;0;traditional;organic;300
37;2;1;0;traditional;organic;400
37;2;2;1;traditional;organic;100
37;3;1;1;traditional;organic;100
37;3;2;0;traditional;nonorganic;400
37;4;1;1;traditional;nonorganic;400
37;4;2;0;traditional;nonorganic;100
37;5;1;1;traditional;organic;300
37;5;2;0;hydroponic;organic;200
37;6;1;1;traditional;organic;300
37;6;2;0;traditional;nonorganic;200
37;7;1;0;traditional;nonorganic;200
37;7;2;1;traditional;nonorganic;300
37;8;1;1;hydroponic;nonorganic;100
37;8;2;0;hydroponic;organic;400
38;1;1;1;hydroponic;nonorganic;200
38;1;2;0;hydroponic;organic;300
38;2;1;0;hydroponic;organic;400
38;2;2;1;traditional;nonorganic;100
38;3;1;1;traditional;nonorganic;100
38;3;2;0;hydroponic;organic;400
38;4;1;0;hydroponic;organic;400
38;4;2;1;hydroponic;organic;100
38;5;1;1;traditional;organic;300
38;5;2;0;hydroponic;organic;200
38;6;1;1;traditional;nonorganic;300
38;6;2;0;hydroponic;organic;200
38;7;1;0;traditional;nonorganic;200
38;7;2;1;hydroponic;nonorganic;300
38;8;1;0;hydroponic;organic;100
38;8;2;1;traditional;organic;400
39;1;1;1;hydroponic;organic;200
39;1;2;0;hydroponic;nonorganic;300
39;2;1;0;hydroponic;nonorganic;400
39;2;2;1;traditional;organic;100
39;3;1;1;traditional;organic;100
39;3;2;0;hydroponic;organic;400
39;4;1;1;hydroponic;organic;400
39;4;2;0;hydroponic;organic;100
39;5;1;1;traditional;organic;300
39;5;2;0;traditional;organic;200
39;6;1;1;traditional;nonorganic;300
39;6;2;0;hydroponic;nonorganic;200
39;7;1;0;hydroponic;nonorganic;200
39;7;2;1;traditional;nonorganic;300
39;8;1;0;hydroponic;organic;100
39;8;2;1;traditional;organic;400
40;1;1;1;hydroponic;organic;200
40;1;2;0;hydroponic;nonorganic;300
40;2;1;0;hydroponic;nonorganic;400
40;2;2;1;hydroponic;nonorganic;100
40;3;1;1;traditional;organic;100
40;3;2;0;traditional;nonorganic;400
40;4;1;0;hydroponic;nonorganic;400
40;4;2;1;traditional;organic;100
40;5;1;1;hydroponic;organic;300
40;5;2;0;hydroponic;nonorganic;200
40;6;1;1;traditional;organic;300
40;6;2;0;traditional;organic;200
40;7;1;0;traditional;organic;200
40;7;2;1;traditional;organic;300
40;8;1;1;hydroponic;nonorganic;100
40;8;2;0;hydroponic;organic;400
41;1;1;0;traditional;organic;200
41;1;2;1;hydroponic;organic;300
41;2;1;1;hydroponic;nonorganic;400
41;2;2;0;traditional;organic;100
41;3;1;0;hydroponic;nonorganic;100
41;3;2;1;traditional;nonorganic;400
41;4;1;0;hydroponic;organic;400
41;4;2;1;hydroponic;organic;100
41;5;1;1;traditional;organic;300
41;5;2;0;traditional;organic;200
41;6;1;0;traditional;nonorganic;300
41;6;2;1;hydroponic;organic;200
41;7;1;1;traditional;nonorganic;200
41;7;2;0;traditional;nonorganic;300
41;8;1;0;traditional;organic;100
41;8;2;1;traditional;nonorganic;400
42;1;1;1;traditional;organic;200
42;1;2;0;hydroponic;nonorganic;300
42;2;1;0;hydroponic;organic;400
42;2;2;1;hydroponic;nonorganic;100
42;3;1;1;traditional;organic;100
42;3;2;0;traditional;nonorganic;400
42;4;1;1;traditional;nonorganic;400
42;4;2;0;traditional;organic;100
42;5;1;0;traditional;nonorganic;300
42;5;2;1;traditional;nonorganic;200
42;6;1;1;traditional;nonorganic;300
42;6;2;0;traditional;organic;200
42;7;1;0;hydroponic;nonorganic;200
42;7;2;1;traditional;organic;300
42;8;1;0;traditional;organic;100
42;8;2;1;hydroponic;nonorganic;400
43;1;1;0;hydroponic;organic;200
43;1;2;1;hydroponic;organic;300
43;2;1;1;hydroponic;organic;400
43;2;2;0;traditional;nonorganic;100
43;3;1;0;traditional;organic;100
43;3;2;1;hydroponic;organic;400
43;4;1;1;hydroponic;organic;400
43;4;2;0;hydroponic;organic;100
43;5;1;0;traditional;organic;300
43;5;2;1;hydroponic;nonorganic;200
43;6;1;0;hydroponic;nonorganic;300
43;6;2;1;hydroponic;nonorganic;200
43;7;1;0;traditional;organic;200
43;7;2;1;hydroponic;organic;300
43;8;1;0;traditional;organic;100
43;8;2;1;hydroponic;organic;400
44;1;1;0;hydroponic;nonorganic;200
44;1;2;1;hydroponic;organic;300
44;2;1;0;traditional;nonorganic;400
44;2;2;1;hydroponic;nonorganic;100
44;3;1;1;hydroponic;nonorganic;100
44;3;2;0;hydroponic;organic;400
44;4;1;1;hydroponic;organic;400
44;4;2;0;hydroponic;nonorganic;100
44;5;1;1;hydroponic;nonorganic;300
44;5;2;0;hydroponic;organic;200
44;6;1;1;hydroponic;nonorganic;300
44;6;2;0;traditional;nonorganic;200
44;7;1;0;traditional;nonorganic;200
44;7;2;1;hydroponic;nonorganic;300
44;8;1;1;hydroponic;nonorganic;100
44;8;2;0;traditional;nonorganic;400
45;1;1;1;traditional;organic;200
45;1;2;0;hydroponic;organic;300
45;2;1;0;traditional;nonorganic;400
45;2;2;1;hydroponic;organic;100
45;3;1;0;hydroponic;nonorganic;100
45;3;2;1;traditional;nonorganic;400
45;4;1;0;traditional;nonorganic;400
45;4;2;1;hydroponic;nonorganic;100
45;5;1;0;traditional;nonorganic;300
45;5;2;1;traditional;organic;200
45;6;1;0;traditional;nonorganic;300
45;6;2;1;traditional;organic;200
45;7;1;1;traditional;organic;200
45;7;2;0;traditional;nonorganic;300
45;8;1;0;traditional;nonorganic;100
45;8;2;1;hydroponic;organic;400
46;1;1;0;traditional;nonorganic;200
46;1;2;1;traditional;organic;300
46;2;1;0;hydroponic;nonorganic;400
46;2;2;1;hydroponic;organic;100
46;3;1;0;hydroponic;nonorganic;100
46;3;2;1;traditional;nonorganic;400
46;4;1;1;traditional;organic;400
46;4;2;0;hydroponic;nonorganic;100
46;5;1;1;traditional;organic;300
46;5;2;0;hydroponic;organic;200
46;6;1;1;hydroponic;organic;300
46;6;2;0;hydroponic;nonorganic;200
46;7;1;0;traditional;organic;200
46;7;2;1;traditional;organic;300
46;8;1;0;traditional;organic;100
46;8;2;1;traditional;organic;400
47;1;1;1;traditional;nonorganic;200
47;1;2;0;traditional;nonorganic;300
47;2;1;0;traditional;organic;400
47;2;2;1;traditional;organic;100
47;3;1;0;hydroponic;organic;100
47;3;2;1;hydroponic;organic;400
47;4;1;0;hydroponic;nonorganic;400
47;4;2;1;hydroponic;organic;100
47;5;1;0;traditional;nonorganic;300
47;5;2;1;hydroponic;organic;200
47;6;1;1;traditional;nonorganic;300
47;6;2;0;hydroponic;organic;200
47;7;1;1;hydroponic;nonorganic;200
47;7;2;0;hydroponic;nonorganic;300
47;8;1;0;hydroponic;nonorganic;100
47;8;2;1;traditional;nonorganic;400
48;1;1;0;hydroponic;nonorganic;200
48;1;2;1;hydroponic;organic;300
48;2;1;1;traditional;nonorganic;400
48;2;2;0;hydroponic;organic;100
48;3;1;1;hydroponic;organic;100
48;3;2;0;hydroponic;nonorganic;400
48;4;1;0;traditional;nonorganic;400
48;4;2;1;hydroponic;organic;100
48;5;1;0;hydroponic;organic;300
48;5;2;1;traditional;nonorganic;200
48;6;1;0;hydroponic;nonorganic;300
48;6;2;1;hydroponic;organic;200
48;7;1;1;hydroponic;organic;200
48;7;2;0;traditional;nonorganic;300
48;8;1;1;hydroponic;organic;100
48;8;2;0;traditional;nonorganic;400
49;1;1;0;traditional;organic;200
49;1;2;1;traditional;nonorganic;300
49;2;1;1;hydroponic;organic;400
49;2;2;0;traditional;nonorganic;100
49;3;1;0;traditional;nonorganic;100
49;3;2;1;hydroponic;organic;400
49;4;1;0;traditional;organic;400
49;4;2;1;traditional;nonorganic;100
49;5;1;1;hydroponic;nonorganic;300
49;5;2;0;traditional;nonorganic;200
49;6;1;0;hydroponic;organic;300
49;6;2;1;traditional;nonorganic;200
49;7;1;1;traditional;organic;200
49;7;2;0;hydroponic;nonorganic;300
49;8;1;0;traditional;nonorganic;100
49;8;2;1;hydroponic;nonorganic;400
50;1;1;1;hydroponic;nonorganic;200
50;1;2;0;hydroponic;organic;300
50;2;1;0;traditional;nonorganic;400
50;2;2;1;traditional;organic;100
50;3;1;0;hydroponic;nonorganic;100
50;3;2;1;traditional;nonorganic;400
50;4;1;1;hydroponic;nonorganic;400
50;4;2;0;hydroponic;nonorganic;100
50;5;1;0;traditional;nonorganic;300
50;5;2;1;traditional;organic;200
50;6;1;0;traditional;organic;300
50;6;2;1;hydroponic;organic;200
50;7;1;0;hydroponic;nonorganic;200
50;7;2;1;hydroponic;organic;300
50;8;1;0;traditional;nonorganic;100
50;8;2;1;traditional;organic;400
51;1;1;1;traditional;organic;200
51;1;2;0;traditional;nonorganic;300
51;2;1;0;traditional;nonorganic;400
51;2;2;1;hydroponic;organic;100
51;3;1;1;traditional;organic;100
51;3;2;0;hydroponic;nonorganic;400
51;4;1;1;hydroponic;nonorganic;400
51;4;2;0;traditional;organic;100
51;5;1;1;hydroponic;organic;300
51;5;2;0;hydroponic;organic;200
51;6;1;1;hydroponic;nonorganic;300
51;6;2;0;traditional;organic;200
51;7;1;0;traditional;nonorganic;200
51;7;2;1;traditional;nonorganic;300
51;8;1;0;hydroponic;nonorganic;100
51;8;2;1;hydroponic;organic;400
52;1;1;0;traditional;nonorganic;200
52;1;2;1;hydroponic;organic;300
52;2;1;1;hydroponic;nonorganic;400
52;2;2;0;traditional;nonorganic;100
52;3;1;0;traditional;nonorganic;100
52;3;2;1;traditional;organic;400
52;4;1;0;hydroponic;organic;400
52;4;2;1;traditional;organic;100
52;5;1;1;hydroponic;organic;300
52;5;2;0;hydroponic;organic;200
52;6;1;0;hydroponic;nonorganic;300
52;6;2;1;hydroponic;nonorganic;200
52;7;1;0;traditional;organic;200
52;7;2;1;traditional;nonorganic;300
52;8;1;0;traditional;nonorganic;100
52;8;2;1;hydroponic;organic;400
53;1;1;0;hydroponic;nonorganic;200
53;1;2;1;traditional;nonorganic;300
53;2;1;0;hydroponic;organic;400
53;2;2;1;traditional;nonorganic;100
53;3;1;0;hydroponic;nonorganic;100
53;3;2;1;hydroponic;nonorganic;400
53;4;1;0;hydroponic;organic;400
53;4;2;1;traditional;organic;100
53;5;1;0;traditional;nonorganic;300
53;5;2;1;hydroponic;nonorganic;200
53;6;1;0;traditional;organic;300
53;6;2;1;hydroponic;nonorganic;200
53;7;1;0;hydroponic;organic;200
53;7;2;1;hydroponic;organic;300
53;8;1;1;traditional;organic;100
53;8;2;0;traditional;organic;400
54;1;1;1;traditional;nonorganic;200
54;1;2;0;hydroponic;organic;300
54;2;1;0;hydroponic;nonorganic;400
54;2;2;1;hydroponic;nonorganic;100
54;3;1;0;hydroponic;nonorganic;100
54;3;2;1;hydroponic;nonorganic;400
54;4;1;0;traditional;organic;400
54;4;2;1;traditional;nonorganic;100
54;5;1;1;hydroponic;organic;300
54;5;2;0;traditional;nonorganic;200
54;6;1;1;hydroponic;organic;300
54;6;2;0;hydroponic;organic;200
54;7;1;1;hydroponic;organic;200
54;7;2;0;hydroponic;nonorganic;300
54;8;1;0;hydroponic;nonorganic;100
54;8;2;1;traditional;nonorganic;400
55;1;1;0;hydroponic;organic;200
55;1;2;1;traditional;organic;300
55;2;1;0;traditional;nonorganic;400
55;2;2;1;hydroponic;nonorganic;100
55;3;1;1;hydroponic;organic;100
55;3;2;0;hydroponic;nonorganic;400
55;4;1;0;traditional;organic;400
55;4;2;1;hydroponic;organic;100
55;5;1;0;traditional;organic;300
55;5;2;1;traditional;organic;200
55;6;1;0;traditional;nonorganic;300
55;6;2;1;hydroponic;organic;200
55;7;1;0;hydroponic;nonorganic;200
55;7;2;1;hydroponic;organic;300
55;8;1;0;traditional;nonorganic;100
55;8;2;1;traditional;nonorganic;400
56;1;1;1;traditional;nonorganic;200
56;1;2;0;hydroponic;organic;300
56;2;1;1;hydroponic;nonorganic;400
56;2;2;0;hydroponic;nonorganic;100
56;3;1;0;hydroponic;organic;100
56;3;2;1;traditional;organic;400
56;4;1;1;hydroponic;nonorganic;400
56;4;2;0;hydroponic;nonorganic;100
56;5;1;0;traditional;nonorganic;300
56;5;2;1;hydroponic;nonorganic;200
56;6;1;0;traditional;organic;300
56;6;2;1;hydroponic;organic;200
56;7;1;1;traditional;nonorganic;200
56;7;2;0;hydroponic;nonorganic;300
56;8;1;1;hydroponic;organic;100
56;8;2;0;hydroponic;nonorganic;400
57;1;1;1;hydroponic;organic;200
57;1;2;0;traditional;organic;300
57;2;1;0;traditional;organic;400
57;2;2;1;traditional;organic;100
57;3;1;1;traditional;organic;100
57;3;2;0;traditional;nonorganic;400
57;4;1;0;traditional;nonorganic;400
57;4;2;1;traditional;nonorganic;100
57;5;1;0;traditional;organic;300
57;5;2;1;hydroponic;organic;200
57;6;1;0;traditional;organic;300
57;6;2;1;traditional;nonorganic;200
57;7;1;1;traditional;nonorganic;200
57;7;2;0;traditional;nonorganic;300
57;8;1;1;hydroponic;nonorganic;100
57;8;2;0;hydroponic;organic;400
58;1;1;0;hydroponic;nonorganic;200
58;1;2;1;hydroponic;organic;300
58;2;1;0;hydroponic;organic;400
58;2;2;1;traditional;nonorganic;100
58;3;1;0;traditional;nonorganic;100
58;3;2;1;hydroponic;organic;400
58;4;1;0;hydroponic;organic;400
58;4;2;1;hydroponic;organic;100
58;5;1;0;traditional;organic;300
58;5;2;1;hydroponic;organic;200
58;6;1;1;traditional;nonorganic;300
58;6;2;0;hydroponic;organic;200
58;7;1;0;traditional;nonorganic;200
58;7;2;1;hydroponic;nonorganic;300
58;8;1;0;hydroponic;organic;100
58;8;2;1;traditional;organic;400
59;1;1;1;hydroponic;organic;200
59;1;2;0;hydroponic;nonorganic;300
59;2;1;0;hydroponic;nonorganic;400
59;2;2;1;traditional;organic;100
59;3;1;0;traditional;organic;100
59;3;2;1;hydroponic;organic;400
59;4;1;1;hydroponic;organic;400
59;4;2;0;hydroponic;organic;100
59;5;1;0;traditional;organic;300
59;5;2;1;traditional;organic;200
59;6;1;1;traditional;nonorganic;300
59;6;2;0;hydroponic;nonorganic;200
59;7;1;0;hydroponic;nonorganic;200
59;7;2;1;traditional;nonorganic;300
59;8;1;0;hydroponic;organic;100
59;8;2;1;traditional;organic;400
60;1;1;0;hydroponic;organic;200
60;1;2;1;hydroponic;nonorganic;300
60;2;1;0;hydroponic;nonorganic;400
60;2;2;1;hydroponic;nonorganic;100
60;3;1;0;traditional;organic;100
60;3;2;1;traditional;nonorganic;400
60;4;1;0;hydroponic;nonorganic;400
60;4;2;1;traditional;organic;100
60;5;1;0;hydroponic;organic;300
60;5;2;1;hydroponic;nonorganic;200
60;6;1;0;traditional;organic;300
60;6;2;1;traditional;organic;200
60;7;1;1;traditional;organic;200
60;7;2;0;traditional;organic;300
60;8;1;1;hydroponic;nonorganic;100
60;8;2;0;hydroponic;organic;400
61;1;1;1;traditional;organic;200
61;1;2;0;hydroponic;organic;300
61;2;1;0;hydroponic;nonorganic;400
61;2;2;1;traditional;organic;100
61;3;1;1;hydroponic;nonorganic;100
61;3;2;0;traditional;nonorganic;400
61;4;1;0;hydroponic;organic;400
61;4;2;1;hydroponic;organic;100
61;5;1;1;traditional;organic;300
61;5;2;0;traditional;organic;200
61;6;1;0;traditional;nonorganic;300
61;6;2;1;hydroponic;organic;200
61;7;1;0;traditional;nonorganic;200
61;7;2;1;traditional;nonorganic;300
61;8;1;1;traditional;organic;100
61;8;2;0;traditional;nonorganic;400
62;1;1;0;traditional;organic;200
62;1;2;1;hydroponic;nonorganic;300
62;2;1;0;hydroponic;organic;400
62;2;2;1;hydroponic;nonorganic;100
62;3;1;0;traditional;organic;100
62;3;2;1;traditional;nonorganic;400
62;4;1;0;traditional;nonorganic;400
62;4;2;1;traditional;organic;100
62;5;1;0;traditional;nonorganic;300
62;5;2;1;traditional;nonorganic;200
62;6;1;0;traditional;nonorganic;300
62;6;2;1;traditional;organic;200
62;7;1;0;hydroponic;nonorganic;200
62;7;2;1;traditional;organic;300
62;8;1;0;traditional;organic;100
62;8;2;1;hydroponic;nonorganic;400
63;1;1;1;hydroponic;organic;200
63;1;2;0;hydroponic;organic;300
63;2;1;0;hydroponic;organic;400
63;2;2;1;traditional;nonorganic;100
63;3;1;1;traditional;organic;100
63;3;2;0;hydroponic;organic;400
63;4;1;0;hydroponic;organic;400
63;4;2;1;hydroponic;organic;100
63;5;1;0;traditional;organic;300
63;5;2;1;hydroponic;nonorganic;200
63;6;1;1;hydroponic;nonorganic;300
63;6;2;0;hydroponic;nonorganic;200
63;7;1;0;traditional;organic;200
63;7;2;1;hydroponic;organic;300
63;8;1;0;traditional;organic;100
63;8;2;1;hydroponic;organic;400
64;1;1;1;hydroponic;nonorganic;200
64;1;2;0;hydroponic;organic;300
64;2;1;0;traditional;nonorganic;400
64;2;2;1;hydroponic;nonorganic;100
64;3;1;1;hydroponic;nonorganic;100
64;3;2;0;hydroponic;organic;400
64;4;1;0;hydroponic;organic;400
64;4;2;1;hydroponic;nonorganic;100
64;5;1;0;hydroponic;nonorganic;300
64;5;2;1;hydroponic;organic;200
64;6;1;1;hydroponic;nonorganic;300
64;6;2;0;traditional;nonorganic;200
64;7;1;0;traditional;nonorganic;200
64;7;2;1;hydroponic;nonorganic;300
64;8;1;0;hydroponic;nonorganic;100
64;8;2;1;traditional;nonorganic;400
65;1;1;1;traditional;organic;200
65;1;2;0;hydroponic;organic;300
65;2;1;0;traditional;nonorganic;400
65;2;2;1;hydroponic;organic;100
65;3;1;1;hydroponic;nonorganic;100
65;3;2;0;traditional;nonorganic;400
65;4;1;0;traditional;nonorganic;400
65;4;2;1;hydroponic;nonorganic;100
65;5;1;0;traditional;nonorganic;300
65;5;2;1;traditional;organic;200
65;6;1;1;traditional;nonorganic;300
65;6;2;0;traditional;organic;200
65;7;1;0;traditional;organic;200
65;7;2;1;traditional;nonorganic;300
65;8;1;1;traditional;nonorganic;100
65;8;2;0;hydroponic;organic;400
66;1;1;1;traditional;nonorganic;200
66;1;2;0;traditional;organic;300
66;2;1;0;hydroponic;nonorganic;400
66;2;2;1;hydroponic;organic;100
66;3;1;1;hydroponic;nonorganic;100
66;3;2;0;traditional;nonorganic;400
66;4;1;0;traditional;organic;400
66;4;2;1;hydroponic;nonorganic;100
66;5;1;0;traditional;organic;300
66;5;2;1;hydroponic;organic;200
66;6;1;1;hydroponic;organic;300
66;6;2;0;hydroponic;nonorganic;200
66;7;1;0;traditional;organic;200
66;7;2;1;traditional;organic;300
66;8;1;0;traditional;organic;100
66;8;2;1;traditional;organic;400
67;1;1;1;traditional;nonorganic;200
67;1;2;0;traditional;nonorganic;300
67;2;1;0;traditional;organic;400
67;2;2;1;traditional;organic;100
67;3;1;1;hydroponic;organic;100
67;3;2;0;hydroponic;organic;400
67;4;1;0;hydroponic;nonorganic;400
67;4;2;1;hydroponic;organic;100
67;5;1;0;traditional;nonorganic;300
67;5;2;1;hydroponic;organic;200
67;6;1;1;traditional;nonorganic;300
67;6;2;0;hydroponic;organic;200
67;7;1;0;hydroponic;nonorganic;200
67;7;2;1;hydroponic;nonorganic;300
67;8;1;0;hydroponic;nonorganic;100
67;8;2;1;traditional;nonorganic;400
68;1;1;1;hydroponic;nonorganic;200
68;1;2;0;hydroponic;organic;300
68;2;1;0;traditional;nonorganic;400
68;2;2;1;hydroponic;organic;100
68;3;1;1;hydroponic;organic;100
68;3;2;0;hydroponic;nonorganic;400
68;4;1;0;traditional;nonorganic;400
68;4;2;1;hydroponic;organic;100
68;5;1;0;hydroponic;organic;300
68;5;2;1;traditional;nonorganic;200
68;6;1;1;hydroponic;nonorganic;300
68;6;2;0;hydroponic;organic;200
68;7;1;0;hydroponic;organic;200
68;7;2;1;traditional;nonorganic;300
68;8;1;0;hydroponic;organic;100
68;8;2;1;traditional;nonorganic;400
69;1;1;1;traditional;organic;200
69;1;2;0;traditional;nonorganic;300
69;2;1;0;hydroponic;organic;400
69;2;2;1;traditional;nonorganic;100
69;3;1;1;traditional;nonorganic;100
69;3;2;0;hydroponic;organic;400
69;4;1;1;traditional;organic;400
69;4;2;0;traditional;nonorganic;100
69;5;1;1;hydroponic;nonorganic;300
69;5;2;0;traditional;nonorganic;200
69;6;1;1;hydroponic;organic;300
69;6;2;0;traditional;nonorganic;200
69;7;1;0;traditional;organic;200
69;7;2;1;hydroponic;nonorganic;300
69;8;1;0;traditional;nonorganic;100
69;8;2;1;hydroponic;nonorganic;400
70;1;1;1;hydroponic;nonorganic;200
70;1;2;0;hydroponic;organic;300
70;2;1;0;traditional;nonorganic;400
70;2;2;1;traditional;organic;100
70;3;1;1;hydroponic;nonorganic;100
70;3;2;0;traditional;nonorganic;400
70;4;1;1;hydroponic;nonorganic;400
70;4;2;0;hydroponic;nonorganic;100
70;5;1;0;traditional;nonorganic;300
70;5;2;1;traditional;organic;200
70;6;1;1;traditional;organic;300
70;6;2;0;hydroponic;organic;200
70;7;1;0;hydroponic;nonorganic;200
70;7;2;1;hydroponic;organic;300
70;8;1;1;traditional;nonorganic;100
70;8;2;0;traditional;organic;400
71;1;1;1;traditional;organic;200
71;1;2;0;traditional;nonorganic;300
71;2;1;0;traditional;nonorganic;400
71;2;2;1;hydroponic;organic;100
71;3;1;1;traditional;organic;100
71;3;2;0;hydroponic;nonorganic;400
71;4;1;0;hydroponic;nonorganic;400
71;4;2;1;traditional;organic;100
71;5;1;1;hydroponic;organic;300
71;5;2;0;hydroponic;organic;200
71;6;1;1;hydroponic;nonorganic;300
71;6;2;0;traditional;organic;200
71;7;1;0;traditional;nonorganic;200
71;7;2;1;traditional;nonorganic;300
71;8;1;1;hydroponic;nonorganic;100
71;8;2;0;hydroponic;organic;400
72;1;1;1;traditional;nonorganic;200
72;1;2;0;hydroponic;organic;300
72;2;1;1;hydroponic;nonorganic;400
72;2;2;0;traditional;nonorganic;100
72;3;1;1;traditional;nonorganic;100
72;3;2;0;traditional;organic;400
72;4;1;0;hydroponic;organic;400
72;4;2;1;traditional;organic;100
72;5;1;0;hydroponic;organic;300
72;5;2;1;hydroponic;organic;200
72;6;1;1;hydroponic;nonorganic;300
72;6;2;0;hydroponic;nonorganic;200
72;7;1;1;traditional;organic;200
72;7;2;0;traditional;nonorganic;300
72;8;1;1;traditional;nonorganic;100
72;8;2;0;hydroponic;organic;400
73;1;1;1;hydroponic;nonorganic;200
73;1;2;0;traditional;nonorganic;300
73;2;1;0;hydroponic;organic;400
73;2;2;1;traditional;nonorganic;100
73;3;1;1;hydroponic;nonorganic;100
73;3;2;0;hydroponic;nonorganic;400
73;4;1;1;hydroponic;organic;400
73;4;2;0;traditional;organic;100
73;5;1;0;traditional;nonorganic;300
73;5;2;1;hydroponic;nonorganic;200
73;6;1;1;traditional;organic;300
73;6;2;0;hydroponic;nonorganic;200
73;7;1;0;hydroponic;organic;200
73;7;2;1;hydroponic;organic;300
73;8;1;0;traditional;organic;100
73;8;2;1;traditional;organic;400
74;1;1;1;traditional;nonorganic;200
74;1;2;0;hydroponic;organic;300
74;2;1;0;hydroponic;nonorganic;400
74;2;2;1;hydroponic;nonorganic;100
74;3;1;1;hydroponic;nonorganic;100
74;3;2;0;hydroponic;nonorganic;400
74;4;1;1;traditional;organic;400
74;4;2;0;traditional;nonorganic;100
74;5;1;0;hydroponic;organic;300
74;5;2;1;traditional;nonorganic;200
74;6;1;1;hydroponic;organic;300
74;6;2;0;hydroponic;organic;200
74;7;1;0;hydroponic;organic;200
74;7;2;1;hydroponic;nonorganic;300
74;8;1;0;hydroponic;nonorganic;100
74;8;2;1;traditional;nonorganic;400
75;1;1;1;hydroponic;organic;200
75;1;2;0;traditional;organic;300
75;2;1;0;traditional;nonorganic;400
75;2;2;1;hydroponic;nonorganic;100
75;3;1;1;hydroponic;organic;100
75;3;2;0;hydroponic;nonorganic;400
75;4;1;1;traditional;organic;400
75;4;2;0;hydroponic;organic;100
75;5;1;0;traditional;organic;300
75;5;2;1;traditional;organic;200
75;6;1;1;traditional;nonorganic;300
75;6;2;0;hydroponic;organic;200
75;7;1;0;hydroponic;nonorganic;200
75;7;2;1;hydroponic;organic;300
75;8;1;0;traditional;nonorganic;100
75;8;2;1;traditional;nonorganic;400
76;1;1;1;traditional;nonorganic;200
76;1;2;0;hydroponic;organic;300
76;2;1;0;hydroponic;nonorganic;400
76;2;2;1;hydroponic;nonorganic;100
76;3;1;1;hydroponic;organic;100
76;3;2;0;traditional;organic;400
76;4;1;0;hydroponic;nonorganic;400
76;4;2;1;hydroponic;nonorganic;100
76;5;1;0;traditional;nonorganic;300
76;5;2;1;hydroponic;nonorganic;200
76;6;1;1;traditional;organic;300
76;6;2;0;hydroponic;organic;200
76;7;1;0;traditional;nonorganic;200
76;7;2;1;hydroponic;nonorganic;300
76;8;1;0;hydroponic;organic;100
76;8;2;1;hydroponic;nonorganic;400
77;1;1;1;hydroponic;organic;200
77;1;2;0;traditional;organic;300
77;2;1;0;traditional;organic;400
77;2;2;1;traditional;organic;100
77;3;1;1;traditional;organic;100
77;3;2;0;traditional;nonorganic;400
77;4;1;1;traditional;nonorganic;400
77;4;2;0;traditional;nonorganic;100
77;5;1;1;traditional;organic;300
77;5;2;0;hydroponic;organic;200
77;6;1;1;traditional;organic;300
77;6;2;0;traditional;nonorganic;200
77;7;1;0;traditional;nonorganic;200
77;7;2;1;traditional;nonorganic;300
77;8;1;1;hydroponic;nonorganic;100
77;8;2;0;hydroponic;organic;400
78;1;1;1;hydroponic;nonorganic;200
78;1;2;0;hydroponic;organic;300
78;2;1;0;hydroponic;organic;400
78;2;2;1;traditional;nonorganic;100
78;3;1;1;traditional;nonorganic;100
78;3;2;0;hydroponic;organic;400
78;4;1;0;hydroponic;organic;400
78;4;2;1;hydroponic;organic;100
78;5;1;1;traditional;organic;300
78;5;2;0;hydroponic;organic;200
78;6;1;1;traditional;nonorganic;300
78;6;2;0;hydroponic;organic;200
78;7;1;0;traditional;nonorganic;200
78;7;2;1;hydroponic;nonorganic;300
78;8;1;0;hydroponic;organic;100
78;8;2;1;traditional;organic;400
79;1;1;1;hydroponic;organic;200
79;1;2;0;hydroponic;nonorganic;300
79;2;1;0;hydroponic;nonorganic;400
79;2;2;1;traditional;organic;100
79;3;1;1;traditional;organic;100
79;3;2;0;hydroponic;organic;400
79;4;1;1;hydroponic;organic;400
79;4;2;0;hydroponic;organic;100
79;5;1;1;traditional;organic;300
79;5;2;0;traditional;organic;200
79;6;1;1;traditional;nonorganic;300
79;6;2;0;hydroponic;nonorganic;200
79;7;1;0;hydroponic;nonorganic;200
79;7;2;1;traditional;nonorganic;300
79;8;1;0;hydroponic;organic;100
79;8;2;1;traditional;organic;400
80;1;1;1;hydroponic;organic;200
80;1;2;0;hydroponic;nonorganic;300
80;2;1;0;hydroponic;nonorganic;400
80;2;2;1;hydroponic;nonorganic;100
80;3;1;1;traditional;organic;100
80;3;2;0;traditional;nonorganic;400
80;4;1;0;hydroponic;nonorganic;400
80;4;2;1;traditional;organic;100
80;5;1;1;hydroponic;organic;300
80;5;2;0;hydroponic;nonorganic;200
80;6;1;1;traditional;organic;300
80;6;2;0;traditional;organic;200
80;7;1;0;traditional;organic;200
80;7;2;1;traditional;organic;300
80;8;1;1;hydroponic;nonorganic;100
80;8;2;0;hydroponic;organic;400
81;1;1;1;traditional;organic;200
81;1;2;0;hydroponic;organic;300
81;2;1;0;hydroponic;nonorganic;400
81;2;2;1;traditional;organic;100
81;3;1;0;hydroponic;nonorganic;100
81;3;2;1;traditional;nonorganic;400
81;4;1;1;hydroponic;organic;400
81;4;2;0;hydroponic;organic;100
81;5;1;1;traditional;organic;300
81;5;2;0;traditional;organic;200
81;6;1;0;traditional;nonorganic;300
81;6;2;1;hydroponic;organic;200
81;7;1;1;traditional;nonorganic;200
81;7;2;0;traditional;nonorganic;300
81;8;1;0;traditional;organic;100
81;8;2;1;traditional;nonorganic;400
82;1;1;1;traditional;organic;200
82;1;2;0;hydroponic;organic;300
82;2;1;0;hydroponic;nonorganic;400
82;2;2;1;traditional;organic;100
82;3;1;1;hydroponic;nonorganic;100
82;3;2;0;traditional;nonorganic;400
82;4;1;0;hydroponic;organic;400
82;4;2;1;hydroponic;organic;100
82;5;1;0;traditional;organic;300
82;5;2;1;traditional;organic;200
82;6;1;1;traditional;nonorganic;300
82;6;2;0;hydroponic;organic;200
82;7;1;0;traditional;nonorganic;200
82;7;2;1;traditional;nonorganic;300
82;8;1;1;traditional;organic;100
82;8;2;0;traditional;nonorganic;400
83;1;1;0;traditional;organic;200
83;1;2;1;hydroponic;organic;300
83;2;1;1;hydroponic;nonorganic;400
83;2;2;0;traditional;organic;100
83;3;1;0;hydroponic;nonorganic;100
83;3;2;1;traditional;nonorganic;400
83;4;1;1;hydroponic;organic;400
83;4;2;0;hydroponic;organic;100
83;5;1;0;traditional;organic;300
83;5;2;1;traditional;organic;200
83;6;1;0;traditional;nonorganic;300
83;6;2;1;hydroponic;organic;200
83;7;1;1;traditional;nonorganic;200
83;7;2;0;traditional;nonorganic;300
83;8;1;0;traditional;organic;100
83;8;2;1;traditional;nonorganic;400
84;1;1;0;traditional;organic;200
84;1;2;1;hydroponic;organic;300
84;2;1;0;hydroponic;nonorganic;400
84;2;2;1;traditional;organic;100
84;3;1;0;hydroponic;nonorganic;100
84;3;2;1;traditional;nonorganic;400
84;4;1;0;hydroponic;organic;400
84;4;2;1;hydroponic;organic;100
84;5;1;0;traditional;organic;300
84;5;2;1;traditional;organic;200
84;6;1;0;traditional;nonorganic;300
84;6;2;1;hydroponic;organic;200
84;7;1;0;traditional;nonorganic;200
84;7;2;1;traditional;nonorganic;300
84;8;1;1;traditional;organic;100
84;8;2;0;traditional;nonorganic;400
85;1;1;1;traditional;organic;200
85;1;2;0;hydroponic;organic;300
85;2;1;0;hydroponic;nonorganic;400
85;2;2;1;traditional;organic;100
85;3;1;0;hydroponic;nonorganic;100
85;3;2;1;traditional;nonorganic;400
85;4;1;1;hydroponic;organic;400
85;4;2;0;hydroponic;organic;100
85;5;1;1;traditional;organic;300
85;5;2;0;traditional;organic;200
85;6;1;1;traditional;nonorganic;300
85;6;2;0;hydroponic;organic;200
85;7;1;1;traditional;nonorganic;200
85;7;2;0;traditional;nonorganic;300
85;8;1;0;traditional;organic;100
85;8;2;1;traditional;nonorganic;400
86;1;1;0;traditional;organic;200
86;1;2;1;hydroponic;organic;300
86;2;1;0;hydroponic;nonorganic;400
86;2;2;1;traditional;organic;100
86;3;1;1;hydroponic;nonorganic;100
86;3;2;0;traditional;nonorganic;400
86;4;1;0;hydroponic;organic;400
86;4;2;1;hydroponic;organic;100
86;5;1;0;traditional;organic;300
86;5;2;1;traditional;organic;200
86;6;1;0;traditional;nonorganic;300
86;6;2;1;hydroponic;organic;200
86;7;1;0;traditional;nonorganic;200
86;7;2;1;traditional;nonorganic;300
86;8;1;1;traditional;organic;100
86;8;2;0;traditional;nonorganic;400
87;1;1;1;traditional;organic;200
87;1;2;0;hydroponic;organic;300
87;2;1;1;hydroponic;nonorganic;400
87;2;2;0;traditional;organic;100
87;3;1;0;hydroponic;nonorganic;100
87;3;2;1;traditional;nonorganic;400
87;4;1;1;hydroponic;organic;400
87;4;2;0;hydroponic;organic;100
87;5;1;0;traditional;organic;300
87;5;2;1;traditional;organic;200
87;6;1;0;traditional;nonorganic;300
87;6;2;1;hydroponic;organic;200
87;7;1;1;traditional;nonorganic;200
87;7;2;0;traditional;nonorganic;300
87;8;1;0;traditional;organic;100
87;8;2;1;traditional;nonorganic;400
88;1;1;1;traditional;organic;200
88;1;2;0;hydroponic;organic;300
88;2;1;0;hydroponic;nonorganic;400
88;2;2;1;traditional;organic;100
88;3;1;1;hydroponic;nonorganic;100
88;3;2;0;traditional;nonorganic;400
88;4;1;0;hydroponic;organic;400
88;4;2;1;hydroponic;organic;100
88;5;1;0;traditional;organic;300
88;5;2;1;traditional;organic;200
88;6;1;0;traditional;nonorganic;300
88;6;2;1;hydroponic;organic;200
88;7;1;1;traditional;nonorganic;200
88;7;2;0;traditional;nonorganic;300
88;8;1;1;traditional;organic;100
88;8;2;0;traditional;nonorganic;400
89;1;1;0;traditional;organic;200
89;1;2;1;hydroponic;organic;300
89;2;1;0;hydroponic;nonorganic;400
89;2;2;1;traditional;organic;100
89;3;1;0;hydroponic;nonorganic;100
89;3;2;1;traditional;nonorganic;400
89;4;1;0;hydroponic;organic;400
89;4;2;1;hydroponic;organic;100
89;5;1;0;traditional;organic;300
89;5;2;1;traditional;organic;200
89;6;1;1;traditional;nonorganic;300
89;6;2;0;hydroponic;organic;200
89;7;1;0;traditional;nonorganic;200
89;7;2;1;traditional;nonorganic;300
89;8;1;0;traditional;organic;100
89;8;2;1;traditional;nonorganic;400
90;1;1;1;traditional;organic;200
90;1;2;0;hydroponic;organic;300
90;2;1;0;hydroponic;nonorganic;400
90;2;2;1;traditional;organic;100
90;3;1;0;hydroponic;nonorganic;100
90;3;2;1;traditional;nonorganic;400
90;4;1;1;hydroponic;organic;400
90;4;2;0;hydroponic;organic;100
90;5;1;0;traditional;organic;300
90;5;2;1;traditional;organic;200
90;6;1;0;traditional;nonorganic;300
90;6;2;1;hydroponic;organic;200
90;7;1;0;traditional;nonorganic;200
90;7;2;1;traditional;nonorganic;300
90;8;1;0;traditional;organic;100
90;8;2;1;traditional;nonorganic;400
91;1;1;0;traditional;organic;200
91;1;2;1;traditional;nonorganic;300
91;2;1;1;traditional;nonorganic;400
91;2;2;0;hydroponic;organic;100
91;3;1;0;traditional;organic;100
91;3;2;1;hydroponic;nonorganic;400
91;4;1;0;hydroponic;nonorganic;400
91;4;2;1;traditional;organic;100
91;5;1;1;hydroponic;organic;300
91;5;2;0;hydroponic;organic;200
91;6;1;0;hydroponic;nonorganic;300
91;6;2;1;traditional;organic;200
91;7;1;1;traditional;nonorganic;200
91;7;2;0;traditional;nonorganic;300
91;8;1;0;hydroponic;nonorganic;100
91;8;2;1;hydroponic;organic;400
92;1;1;1;traditional;nonorganic;200
92;1;2;0;hydroponic;organic;300
92;2;1;0;hydroponic;nonorganic;400
92;2;2;1;traditional;nonorganic;100
92;3;1;1;traditional;nonorganic;100
92;3;2;0;traditional;organic;400
92;4;1;1;hydroponic;organic;400
92;4;2;0;traditional;organic;100
92;5;1;0;hydroponic;organic;300
92;5;2;1;hydroponic;organic;200
92;6;1;1;hydroponic;nonorganic;300
92;6;2;0;hydroponic;nonorganic;200
92;7;1;0;traditional;organic;200
92;7;2;1;traditional;nonorganic;300
92;8;1;0;traditional;nonorganic;100
92;8;2;1;hydroponic;organic;400
93;1;1;0;hydroponic;nonorganic;200
93;1;2;1;traditional;nonorganic;300
93;2;1;1;hydroponic;organic;400
93;2;2;0;traditional;nonorganic;100
93;3;1;0;hydroponic;nonorganic;100
93;3;2;1;hydroponic;nonorganic;400
93;4;1;1;hydroponic;organic;400
93;4;2;0;traditional;organic;100
93;5;1;0;traditional;nonorganic;300
93;5;2;1;hydroponic;nonorganic;200
93;6;1;0;traditional;organic;300
93;6;2;1;hydroponic;nonorganic;200
93;7;1;0;hydroponic;organic;200
93;7;2;1;hydroponic;organic;300
93;8;1;0;traditional;organic;100
93;8;2;1;traditional;organic;400
94;1;1;0;traditional;nonorganic;200
94;1;2;1;hydroponic;organic;300
94;2;1;0;hydroponic;nonorganic;400
94;2;2;1;hydroponic;nonorganic;100
94;3;1;1;hydroponic;nonorganic;100
94;3;2;0;hydroponic;nonorganic;400
94;4;1;1;traditional;organic;400
94;4;2;0;traditional;nonorganic;100
94;5;1;1;hydroponic;organic;300
94;5;2;0;traditional;nonorganic;200
94;6;1;1;hydroponic;organic;300
94;6;2;0;hydroponic;organic;200
94;7;1;0;hydroponic;organic;200
94;7;2;1;hydroponic;nonorganic;300
94;8;1;1;hydroponic;nonorganic;100
94;8;2;0;traditional;nonorganic;400
95;1;1;1;hydroponic;organic;200
95;1;2;0;traditional;organic;300
95;2;1;0;traditional;nonorganic;400
95;2;2;1;hydroponic;nonorganic;100
95;3;1;0;hydroponic;organic;100
95;3;2;1;hydroponic;nonorganic;400
95;4;1;0;traditional;organic;400
95;4;2;1;hydroponic;organic;100
95;5;1;0;traditional;organic;300
95;5;2;1;traditional;organic;200
95;6;1;0;traditional;nonorganic;300
95;6;2;1;hydroponic;organic;200
95;7;1;1;hydroponic;nonorganic;200
95;7;2;0;hydroponic;organic;300
95;8;1;1;traditional;nonorganic;100
95;8;2;0;traditional;nonorganic;400
96;1;1;0;traditional;nonorganic;200
96;1;2;1;hydroponic;organic;300
96;2;1;0;hydroponic;nonorganic;400
96;2;2;1;hydroponic;nonorganic;100
96;3;1;0;hydroponic;organic;100
96;3;2;1;traditional;organic;400
96;4;1;1;hydroponic;nonorganic;400
96;4;2;0;hydroponic;nonorganic;100
96;5;1;0;traditional;nonorganic;300
96;5;2;1;hydroponic;nonorganic;200
96;6;1;1;traditional;organic;300
96;6;2;0;hydroponic;organic;200
96;7;1;0;traditional;nonorganic;200
96;7;2;1;hydroponic;nonorganic;300
96;8;1;0;hydroponic;organic;100
96;8;2;1;hydroponic;nonorganic;400
97;1;1;1;hydroponic;organic;200
97;1;2;0;traditional;organic;300
97;2;1;0;traditional;organic;400
97;2;2;1;traditional;organic;100
97;3;1;0;traditional;organic;100
97;3;2;1;traditional;nonorganic;400
97;4;1;0;traditional;nonorganic;400
97;4;2;1;traditional;nonorganic;100
97;5;1;0;traditional;organic;300
97;5;2;1;hydroponic;organic;200
97;6;1;1;traditional;organic;300
97;6;2;0;traditional;nonorganic;200
97;7;1;1;traditional;nonorganic;200
97;7;2;0;traditional;nonorganic;300
97;8;1;0;hydroponic;nonorganic;100
97;8;2;1;hydroponic;organic;400
98;1;1;0;hydroponic;nonorganic;200
98;1;2;1;hydroponic;organic;300
98;2;1;1;hydroponic;organic;400
98;2;2;0;traditional;nonorganic;100
98;3;1;0;traditional;nonorganic;100
98;3;2;1;hydroponic;organic;400
98;4;1;0;hydroponic;organic;400
98;4;2;1;hydroponic;organic;100
98;5;1;0;traditional;organic;300
98;5;2;1;hydroponic;organic;200
98;6;1;0;traditional;nonorganic;300
98;6;2;1;hydroponic;organic;200
98;7;1;1;traditional;nonorganic;200
98;7;2;0;hydroponic;nonorganic;300
98;8;1;1;hydroponic;organic;100
98;8;2;0;traditional;organic;400
99;1;1;0;hydroponic;organic;200
99;1;2;1;hydroponic;nonorganic;300
99;2;1;1;hydroponic;nonorganic;400
99;2;2;0;traditional;organic;100
99;3;1;0;traditional;organic;100
99;3;2;1;hydroponic;organic;400
99;4;1;0;hydroponic;organic;400
99;4;2;1;hydroponic;organic;100
99;5;1;1;traditional;organic;300
99;5;2;0;traditional;organic;200
99;6;1;0;traditional;nonorganic;300
99;6;2;1;hydroponic;nonorganic;200
99;7;1;1;hydroponic;nonorganic;200
99;7;2;0;traditional;nonorganic;300
99;8;1;0;hydroponic;organic;100
99;8;2;1;traditional;organic;400
100;1;1;1;hydroponic;organic;200
100;1;2;0;hydroponic;nonorganic;300
100;2;1;0;hydroponic;nonorganic;400
100;2;2;1;hydroponic;nonorganic;100
100;3;1;0;traditional;organic;100
100;3;2;1;traditional;nonorganic;400
100;4;1;1;hydroponic;nonorganic;400
100;4;2;0;traditional;organic;100
100;5;1;1;hydroponic;organic;300
100;5;2;0;hydroponic;nonorganic;200
100;6;1;0;traditional;organic;300
100;6;2;1;traditional;organic;200
100;7;1;0;traditional;organic;200
100;7;2;1;traditional;organic;300
100;8;1;0;hydroponic;nonorganic;100
100;8;2;1;hydroponic;organic;400
